QoE,EE,Rewards
0.0,0.0,0.0
0.72,0.0254707220941782,0.015002408623695373
0.72,0.012372543336823583,0.016199788451194762
0.72,0.009806406870484351,0.012840580940246583
0.9600000000000001,0.01965288408100605,0.016276222467422486
0.16653358936309814,0.01818087378051132,0.00424775630235672
0.72,0.015005412697792053,0.015016724169254304
0.055283404886722565,0.02413136847317219,0.0024964189156889915
0.72,0.008782359212636948,0.012878191471099854
0.72,0.030890914052724837,0.017798805236816408
0.36,0.03007364571094513,0.017979496717453004
0.5515837352801418,0.0499263078905642,0.03087676167488098
0.5195517146271036,0.061398757994174956,0.027653513103723527
0.8400000000000001,0.04208313003182411,0.03537848144769669
0.72,0.04873830927535892,0.03329493999481201
0.5822237680616492,0.06357136890292167,0.028238071501255034
0.72,0.05381448045372963,0.0325262650847435
0.48247320629276824,0.05263336943462491,0.022465546056628226
0.72,0.056076591834425926,0.03063928782939911
0.8400000000000001,0.05296970354393125,0.03539561480283737
0.48,0.03957588252378628,0.031095438450574876
0.399709924381309,0.07925369068980218,0.023701744712889196
0.5633627041794376,0.0689728807657957,0.025553143583238125
0.5679763519267241,0.07488426089985296,0.022316661849617957
0.5982329981893911,0.07641672268509865,0.027647297084331512
0.6586199692749789,0.07012993320822716,0.03176729623228312
0.7200000000000001,0.07795492857694626,0.03060266878455877
0.7303173322051206,0.07313573062419891,0.03269868567585945
0.5856369598456043,0.08580102678388357,0.02440144997090101
0.7200000000000001,0.06915846597403288,0.027578885108232497
0.41191585476339826,0.08291181446984411,0.028926085866987705
0.5930926647244184,0.07421446666121483,0.03513705860823393
0.6231783450044882,0.06770904939621687,0.03454885669052601
0.5527205916918341,0.07350736279040575,0.030556042026728392
0.4044212291528301,0.09963759779930115,0.01876770593225956
0.5961698526144028,0.10070710182189942,0.03162063024938107
0.5955470550003219,0.06500447629950941,0.037913890369236466
0.6616744758901096,0.08668042444624006,0.032566615752875804
0.6607212592500207,0.06606466574594379,0.035699551552534105
0.7056931111566929,0.08630182929337024,0.03999426709488034
0.5907240612891453,0.07978104893118143,0.04220539415255189
0.3964805593466072,0.16407071463763714,0.056042739748954774
0.713164168044844,0.08118292512372136,0.0681435614824295
0.4357322505105783,0.12947038803249597,0.04696721397340298
0.5634699471020399,0.10766580058261752,0.0647205263376236
0.5224232594128908,0.10527925798669457,0.05915098413825035
0.6707759982375532,0.09855861593969166,0.07100990638136864
0.6527605721950531,0.12107024006545544,0.06806476712226868
0.6672699282169342,0.1316430363804102,0.06905819848179817
0.6683967608714344,0.11929779341444373,0.07028658464550971
0.5787013234556185,0.10149426804855466,0.07439004480838776
0.46605313486690886,0.11585645314771682,0.04217927344143391
0.45714626442584566,0.11452515423297882,0.043673036806285384
0.4519630181677985,0.11234544850885868,0.05177396610379219
0.4220934426711455,0.10069383146474138,0.049752821959555146
0.4966133191475692,0.10078307127114386,0.04546516910195351
0.5030683676256121,0.08271663300693036,0.04656369425356388
0.5117493257134568,0.0951239231042564,0.04122756328433752
0.559556310215959,0.12777905901893974,0.05609827674925327
0.37789570243768905,0.11042277859523893,0.041488921456038955
0.248118875929501,0.0749500947073102,0.034892242215573785
0.4443207549300342,0.10218244343996048,0.0185532471165061
0.4994875582540382,0.12762383581139147,0.022743049717973918
0.5991507319827907,0.11050575964618474,0.033227770356461406
0.5366682944749694,0.07594387866556644,0.026702783023938536
0.4787727827573072,0.1558093803934753,0.031957480730488895
0.44706073512996375,0.12890471718274057,0.0274392643943429
0.46737148639629356,0.10138965928927064,0.020943643059581518
0.66,0.0997070940095,0.03630934772081673
0.3964932778550669,0.12196296274196357,0.028750256169587374
0.4927811641124953,0.10059040901251137,0.022144555812701583
0.2993302176347845,0.11614504586905242,0.04619516076520085
0.4051502527493787,0.10496811807679478,0.049606028739362956
0.2566660157304132,0.10391264900099487,0.03312934416346252
0.32130393767773224,0.09585348218679428,0.0416199615970254
0.29356184525930357,0.12355481069535017,0.04417127517983317
0.32971394135059107,0.11396767373662442,0.05402365539222955
0.45177959266736006,0.09296213574707508,0.05652799967676401
0.24049199707816804,0.13377154879271985,0.044621799495071175
0.3804157138989596,0.12282376382499934,0.04973593724891544
0.3800793125591972,0.11242111595347523,0.0552553317323327
0.33953520128606557,0.12328672215808183,0.04684092435520142
0.40367181343915987,0.13920585680752992,0.041449643932282926
0.4496798433530055,0.12546916093706387,0.04988953848835081
0.3797999639121823,0.10737197708804161,0.03449362833518535
0.4621247006455377,0.10302005956182256,0.04927530379965901
0.26317300784885883,0.12089032165240496,0.03256806314922869
0.29598724212731486,0.14415182806551458,0.031393733299337326
0.2709967840407462,0.13367388369515537,0.04084656561492011
0.4663327745401541,0.12346946028992534,0.0429136498295702
0.2853533588120785,0.1457573571940884,0.04287445289548487
0.43520459353373925,0.14599477034062147,0.057461261227726934
0.29939144886996816,0.12154451492242516,0.04197799250483513
0.3633676017397605,0.12145172418095171,0.051425724839791666
0.2236040478303998,0.12503358162939548,0.03861117422580719
0.3179282523230921,0.14864994966192172,0.05685885617509484
0.3795196491661807,0.12234961986541748,0.059063950963318346
0.22238605014193807,0.13572366344742476,0.043487421134486795
0.2630417947335706,0.12464571688324214,0.042073666062206035
0.4030618879303953,0.13434665310196578,0.05612532705068588
0.24192287003434695,0.15103500904515385,0.048560439832508566
0.24418483099519653,0.11901632263325154,0.042736885035410524
0.31961555249518997,0.12569613046944142,0.05560048605004947
0.3356391128128644,0.1263238330837339,0.05020545907939474
0.31427350592594855,0.15902306959033014,0.04593079640219609
0.26081747176094555,0.1168372700587497,0.04015807612488668
0.29305109905803706,0.13401973522268235,0.03910979809239507
0.31271367665664246,0.10517851859913208,0.037222418381522106
0.3145959930820697,0.11980910613201559,0.036003593982507784
0.15968511548823652,0.14441071567125618,0.024024127492060263
0.27017102705592216,0.09952675852109678,0.04437550660843651
0.27529646005083536,0.15723676551133395,0.04875825249900421
0.4464557170957509,0.12710053697228432,0.0661596494478484
0.3824700166456818,0.10710262649226934,0.05390336082627376
0.2303677756378563,0.17252928111702204,0.04457391889144977
0.2259291437492572,0.11555478649679571,0.03688744372377793
0.31175107846166655,0.1254991887137294,0.05608269634967049
0.3171050894459546,0.10449302829802036,0.05472863467720648
0.25992777372879877,0.1382357221096754,0.049479923558731875
0.3927597930478572,0.13539761435240508,0.054509528577327736
0.2556389369925327,0.14028369653970002,0.04437617899229129
0.32624758348063043,0.15638975367182867,0.0522198354266584
0.19765874979560882,0.14280603248625995,0.03580160396173597
0.19507603783518163,0.12660659948014655,0.031903629065491254
0.23805356582984613,0.15366606544703246,0.04761079614050687
0.20406594396461378,0.1291223434964195,0.032416547773173085
0.3060736062000386,0.12513101124204695,0.04252474013715983
0.3362075241055262,0.1218014458194375,0.04641166677698493
0.34177146609777215,0.12578732355032116,0.044038765658624475
0.21322513223973788,0.10132798850536347,0.044450984280556445
0.20671103080762582,0.17528955969028176,0.03994506387040019
0.23414174619783365,0.1266250442713499,0.06708312767130943
0.23412082328929523,0.11472475638147443,0.060727045961345226
0.33917116391808333,0.12054934445768595,0.07089864269830286
0.30251060781927486,0.12914342368021609,0.06695906563817214
0.2562619539916151,0.14618014302104712,0.056589043975497286
0.2554799641518447,0.11917606822680682,0.06366774418934558
0.19507102308311342,0.09494466744363309,0.05270078719748804
0.2689322757508421,0.1069527709390968,0.06456769328098744
0.23540830250637237,0.13631643457338213,0.0673326349145888
0.16687799497772088,0.14843803625553847,0.04792767191616197
0.21509437727594896,0.11454189731739461,0.036449699600537615
0.17603847315051352,0.16091552864818368,0.02539376359976207
0.2121706858968611,0.12750288262031972,0.030672234434556838
0.23768863640592897,0.12596012120193337,0.028166934343365334
0.2534645811985681,0.1136876861564815,0.03557665971651052
0.24593926569789037,0.12739737272495405,0.0354673439830852
0.26354843623400764,0.12660690989578144,0.03239087604451925
0.22810683554804456,0.10691404006211087,0.036200239423972866
0.26170693018073665,0.13796816878020762,0.03848729094024748
0.19853923872891702,0.12617207067087294,0.03290294702164829
0.2547637362231363,0.14938498716801404,0.027468589165558416
0.2055581313437398,0.1670690972590819,0.024559746589511634
0.23475448246322939,0.12792223489377647,0.02572044401119153
0.18599272166485517,0.11808613794855774,0.023389225313439968
0.1735411275684616,0.15640462543815375,0.027543169849862652
0.2164323001232484,0.1277343370791641,0.023643227728704613
0.19609037531164455,0.11341324256500229,0.023120181960985066
0.17729297780452125,0.14880799585953355,0.025004401834060754
0.2217435431333829,0.13515516042825765,0.028120493112752838
0.12638867053977368,0.16417412422597408,0.020946681755594908
0.1783505052371714,0.14310303702950478,0.035553099898000554
0.2608346566450213,0.13698074370622634,0.052861110723267005
0.23264650430815242,0.10473009266424924,0.043420532622064155
0.275024134034152,0.15532362516969442,0.056591366088638705
0.2772394545625865,0.15035451352596282,0.05602990952009956
0.2010535954409023,0.11262317043729127,0.04346062042439977
0.2479476612700413,0.12648810263781343,0.04374703033516804
0.28556690789099165,0.1940625376999378,0.06486971168468397
0.27070361638096696,0.16741595712956042,0.05670318151513737
0.23622545951660665,0.16651955591514706,0.04998339595894019
0.19998454988952052,0.14004428953048773,0.03713382315511505
0.2832976024965983,0.12386137996800244,0.05582521149267754
0.22479084280088624,0.10868225838057696,0.04574905835402509
0.1986656274656389,0.1386395663022995,0.051604507736240826
0.19179526023779755,0.1509597547352314,0.0474249147468557
0.23118922383528076,0.1465289038605988,0.04956297112007936
0.19884641046450227,0.14284591116011142,0.04128926307583849
0.2162603717468743,0.15853254813700915,0.037507648033400384
0.15381072628967776,0.16747385535854847,0.048906514557699364
0.18458449665994706,0.11559909923234954,0.029291216265410185
0.2334382474796249,0.13181458432227372,0.07755012698781986
0.23370070365990522,0.1563559059984982,0.08535399974323808
0.20075882360341177,0.1216459205839783,0.056673105778172604
0.2844057155054926,0.1492960002273321,0.10335452507250012
0.2841450644825294,0.1737760846503079,0.09941999631623426
0.277723789608321,0.132540890481323,0.08555530215303102
0.22057342307787423,0.1367986357305199,0.07137136259426671
0.224082401679747,0.16985866241157055,0.08505854124203324
0.21694193862563316,0.16309096124023198,0.07954648111015558
0.23518850659254617,0.10747547768987716,0.0751324908567282
0.18120010417155455,0.13754758248105645,0.06732262978019815
0.21293787913780982,0.13884694091975688,0.06784480821496497
0.2460708710217818,0.12148778401315212,0.07063858187446992
0.3007526410871631,0.08479176205582917,0.06710723701864482
0.2768805681241209,0.09753545470885001,0.08416926669577758
0.22008903916635722,0.13319637239910662,0.07557150787596281
0.13816147036044174,0.1640856547281146,0.05064412677971025
0.1607529174517326,0.10138781208661385,0.054098942267398045
0.2253206473448943,0.1562712002545595,0.06881812833870452
0.21329326323897327,0.12957582725211977,0.061852570977061996
0.2518148603160741,0.15056906193494796,0.07794792816663781
0.22131605231564958,0.13280972917564213,0.070891073346138
0.2923649170955754,0.1280167957302183,0.08600218805174033
0.2686094237640415,0.10230596454057377,0.07460421044379473
0.2755098311536311,0.13651861097896473,0.08221582000454267
0.2139852296811748,0.17469497164711356,0.0858782056098183
0.23207163797877342,0.11984436474740505,0.06340063751364747
0.2549793236688272,0.14739950885996222,0.08260825316732129
0.26017513810377396,0.12799340803176165,0.08188847520699104
0.24545043305772113,0.10983548853546381,0.07757119328404466
0.23355913528193906,0.16503298245370387,0.05920307286083698
0.18740771311925003,0.11547901818994433,0.05072344969026745
0.2689227297847535,0.14305293383076786,0.05659211539352934
0.1744896436193624,0.15230833496898413,0.050073616740604246
0.2617795885784434,0.1360495685134083,0.064835633871456
0.18069177001354988,0.14633340649306775,0.053874382972717294
0.22609738723693804,0.11740307916188612,0.05242400517687203
0.20620208386173675,0.1331271357834339,0.05237217235689362
0.2114434554599381,0.10816743776667863,0.040459838903819524
0.24752264051199066,0.12276989407837391,0.0663845580133299
0.2820025012292044,0.15879358381498604,0.05956018371041864
0.25130291946259986,0.1790817360393703,0.06147341913233201
0.2991332018778769,0.11031557631213218,0.05662347072424988
0.19274481031245688,0.14631546260789036,0.043114449273174
0.21668595800155438,0.1446866331389174,0.057566488909845545
0.25964811190566334,0.15396860921755434,0.06211856321431698
0.29328488119480256,0.15821332863997667,0.06593338438464949
0.2545741573372611,0.14857419200707228,0.05791372916350762
0.28236225332577447,0.1485889517905889,0.06517839318471184
0.27520031333895023,0.15572720197960735,0.07039251790381969
0.1979886183726752,0.21056071519851685,0.045016071964055306
0.2582270710733412,0.13120717615820468,0.05373943992618783
0.22896886383720125,0.1349436953663826,0.04822111471944178
0.25896617928973814,0.15842959145084023,0.048048174613310644
0.23663631706522592,0.11794841084629297,0.04761073472832019
0.18891943381279203,0.15022240364924072,0.04330444060343628
0.21224220588394482,0.15091495282249526,0.04737701589396844
0.19120665073026036,0.12420612920541316,0.03780064814801638
0.20122742128819243,0.1374366693198681,0.044909373179155714
0.20767958813520576,0.19188264086842538,0.04627741357466827
0.24647370260547988,0.14802942075766623,0.0684064423541228
0.22393542401309788,0.15139212589710951,0.06099008727197845
0.19350723823547453,0.13798204709310086,0.055917128675306835
0.20992698382852026,0.14453813005238772,0.06620057524337122
0.24733117266669205,0.13216552066151052,0.06755620156880468
0.2077570945196032,0.13606168483383954,0.060947018523390094
0.1863109774992563,0.13606742920383114,0.06425412314633529
0.19059390056284384,0.16496572601608933,0.05978964170130592
0.21335470319693764,0.16044293474406005,0.05933379722138247
0.1862167147715434,0.12467189856106416,0.049538929585057
0.20851907630059047,0.1558974257670343,0.05630440581465761
0.23310441241606608,0.15029559163376688,0.052519801612477754
0.22521020179318776,0.16708886083215474,0.05994195250204454
0.19207021042692193,0.14645994510501623,0.04730465204951664
0.15481261016714,0.15797149417921902,0.045803982563006385
0.1742054711173928,0.13935049036517738,0.04803560958895832
0.20069424320262144,0.14198615550994872,0.054592431307459874
0.14326975376562553,0.1450446815462783,0.04512639398872852
0.1577737673452516,0.15921717826277018,0.05124829223255316
0.19915773208751314,0.17170218788087369,0.056659773130590715
0.14472239140455126,0.1407003368367441,0.05165698449934523
0.1589622769459881,0.16267577251419424,0.06307057302320998
0.1812757710894513,0.15786173474043608,0.05612983143764237
0.16672753331249088,0.14646510407328606,0.056484193809951344
0.18676522221056607,0.1480796880205162,0.05523322738272448
0.16325655205949083,0.14823549767024816,0.06011171109850207
0.18216171213071802,0.1474387301132083,0.05615060981859764
0.22345596364286716,0.16258702278137208,0.06906658689056833
0.20054824647707517,0.13795887352898717,0.05855057236924769
0.2040446560849544,0.14492954551242293,0.060005007329086466
0.20155740230186728,0.16694730382878334,0.051797598134726286
0.20227067623892983,0.1260805917205289,0.04215405865882833
0.1813134733775165,0.1382087954785675,0.04767819766420871
0.17036819689844315,0.13556549963541328,0.03357564368440459
0.1790249245938206,0.18086647661402822,0.04427874928805976
0.16330416555291688,0.19466030849143862,0.04933169543898354
0.2068894607575794,0.1260280689690262,0.0455862442497164
0.22857307768695398,0.144540311768651,0.055416342945924645
0.1359857586390548,0.16722107160021552,0.043231665401253845
0.17323187277796265,0.12313306736759841,0.0450605961959809
0.19388819785983363,0.14011715042870493,0.06956035691003004
0.22131855869217548,0.1382171710487455,0.08705177084038343
0.1431540829535641,0.14207830533850938,0.05498308612965047
0.18409288509990476,0.13155042880680412,0.07294600762582074
0.1928937169055154,0.15265828603878617,0.07752427845882871
0.15027017527128667,0.16626760843209923,0.06546664007318516
0.21007267183579467,0.17313126670196652,0.0646920451025168
0.1880567673025567,0.17034221128560603,0.06814036343557138
0.1358301276746789,0.17724258527159692,0.062454234294903765
0.17159215696981114,0.1316784762966563,0.07493977528686324
0.13540630755741798,0.11616651813965291,0.0528991998905937
0.14502188168493965,0.1352862480300246,0.049792385093867776
0.1760468889020018,0.11587613222654909,0.05098460105822111
0.13788903377807613,0.1439133901614696,0.04549332888051867
0.19338510008120324,0.16500861709937453,0.06259279745817184
0.17171109476973737,0.1555303438566625,0.06093896596723547
0.12662606811830196,0.13206579448888078,0.04738796169590205
0.13726640853366726,0.15796591718681158,0.051139621609201026
0.23133716510437413,0.20527571476995946,0.08007085944712163
0.17570644489403947,0.15777406557463108,0.0601451117284596
0.2007822746593781,0.1322094496805221,0.05902989961206913
0.1496160637113879,0.16687635630369185,0.051441733093621836
0.15205560949866373,0.164188161958009,0.06755333624780178
0.15931761814919357,0.15530876936390997,0.060289071869725985
0.17574366692473964,0.14996256362646818,0.0621983808822309
0.18089950745391611,0.17522752238437533,0.06784644851461054
0.13249202731865048,0.16740129176614574,0.051886242912150916
0.16634068902697008,0.17862998824566603,0.055748539927105115
0.15440028478596285,0.16514204889535905,0.06565035229704033
0.14854248190493394,0.15889286797028035,0.053094985115652284
0.13074022659326393,0.15596444755792618,0.06808841197037449
0.10585501690071669,0.1907158313319087,0.06324942849203945
0.13269358666178524,0.13049669438041747,0.05306308988885333
0.14472662688698665,0.17389407744631172,0.0771075290311128
0.16644759247075566,0.1276795050900546,0.06347650480239342
0.15973020730109044,0.13399615094531328,0.06316714031094064
0.1705621960578008,0.1301724654622376,0.07202729846172347
0.1738832335840382,0.1826263116672635,0.08357404803213044
0.1358890892937279,0.1427025329438038,0.057804185329548396
0.17353287245695137,0.12016999437473715,0.06410496019696196
0.1293515395681186,0.16407998092472553,0.06264861533480384
0.16031072353812512,0.13890868785820204,0.06527736212840923
0.1166897997289757,0.14259160591318504,0.06307117658139516
0.184562320639302,0.1463923254981637,0.07495539000816642
0.19137399159165813,0.16694763405248522,0.08349078444081047
0.15832944301009572,0.16598747448297219,0.07579812371886024
0.1820830555485729,0.12301564323715866,0.06245298395026474
0.1710524931320237,0.17660068860277534,0.07977658363307515
0.18798141880440078,0.19147684369236231,0.08032347576630611
0.16786631342204364,0.15648932168260216,0.08335367438786973
0.11938587050065226,0.141830672044307,0.07262378865852952
0.177633154343775,0.1230883282260038,0.08031409756156307
0.15972056221819947,0.13848325032740832,0.07270155615359544
0.1560776912900024,0.20844680545851588,0.08948396555955211
0.14893810934510848,0.1476118302962277,0.08215652061346919
0.13506950470518783,0.15408323586452752,0.06771757559726636
0.1728517785983271,0.164422716666013,0.08345475794623296
0.17147553129058588,0.14216247713193297,0.07671089049925409
0.13267812353822775,0.13312161881476642,0.06555736509958904
0.13146080431470297,0.12950023703742772,0.06022759550747773
0.140252267604052,0.13840772146359087,0.06445093448646366
0.17330083382460645,0.15411739088594914,0.09209780057954291
0.1738472408664749,0.12993266922421753,0.067617751995412
0.18878141549970906,0.12988300245488063,0.07084877989472202
0.160108891924225,0.12585413116030394,0.07543921846454031
0.15086182521845234,0.16737955622375011,0.07424034985620528
0.1619764081439679,0.15132856760174035,0.06407548970760156
0.18263573034801797,0.1690264604985714,0.07329432479167979
0.1559052649362916,0.18347730739042162,0.07940369857770081
0.17335191916967285,0.1274999019340612,0.07747612194065004
0.16945026958351844,0.17916513849049806,0.06182909355560939
0.15126358258852915,0.13299216292143684,0.05391365288197993
0.1280958661064916,0.13693957710638643,0.04949258802520732
0.18847357858217986,0.16601275335997343,0.0627781934514642
0.1352858016030126,0.1523553977604024,0.05871672035877904
0.1672293053267537,0.16191797083592974,0.06155204545458158
0.18434866527356203,0.13978078523650767,0.06427037485626838
0.1192049376593655,0.12557360818609595,0.05174820803167919
0.10155963090148486,0.11919655674137175,0.04825440771318972
0.15596831276737172,0.1392577231163159,0.05915197492639224
0.16114889775889726,0.16641576448455453,0.07459829716322322
0.13553128416314505,0.11486595795722679,0.05586772132044038
0.20866596599138132,0.14755091574043036,0.07424791940798361
0.1681737874816024,0.16258814329630694,0.0749959638280173
0.13948952529499703,0.1425216914358316,0.0535538317107906
0.1228835403703138,0.12417284101247787,0.05568517146632075
0.16703179694733106,0.1692055152845569,0.07435183460824192
0.15422774348025284,0.17523414546158164,0.06623922907436888
0.1260351401392455,0.16312111457809805,0.06123097816792626
0.11679342237459606,0.1774031166685745,0.05593335260016223
0.13983379010926814,0.1755017664283514,0.06539162400473529
0.13371824476218766,0.16694421451538802,0.06365006268893678
0.13126342165288554,0.18310453444719316,0.06307468261274819
0.1537435561953278,0.13445585127919912,0.06562887794683532
0.18178333890708284,0.1821145411580801,0.08453231071292731
0.1561893595781656,0.13226138360332698,0.0652083539927941
0.16371099082645427,0.16820224234834313,0.058024356767185946
0.10134620580736392,0.16342800594866275,0.05758455106305579
0.16680044453534082,0.13291705104056745,0.058187732741314294
0.15795018810808462,0.15387988975271583,0.06371376484376377
0.16315927663856133,0.1668195596721489,0.0945076388567686
0.14813928758004197,0.14531711698509753,0.07340223544168596
0.1639450210429251,0.16119577437639238,0.0832157519099613
0.14392129033644901,0.16041177418082952,0.09085559546761215
0.15343822443446056,0.13859726786613463,0.0850035797568659
0.13178817209173666,0.15421163607388735,0.06760291104639571
0.17247078374218952,0.1410200295271352,0.09206022598594427
0.1382577890022549,0.10506537281908095,0.07546323120718201
0.12038127829341337,0.14896323923021554,0.07066797311852377
0.14494014979485725,0.1414561622776091,0.08167067248187959
0.14936942455957586,0.19606767911463976,0.11111374302953483
0.18053611942517178,0.11903082430362702,0.0788776708568136
0.14494419306608908,0.17155203772708774,0.11000704130654533
0.15880265210026184,0.15427715685218574,0.1029753977606694
0.14724296791671027,0.12397005143575371,0.10921207028627397
0.15308015166766217,0.1637648606672883,0.10503686500589053
0.17226053942764946,0.11690853909822181,0.11044814788922667
0.15265117092328565,0.11041619652532972,0.08652929285727441
0.1594266067917426,0.13234550459310412,0.10310731410235167
0.16229506191535018,0.12886245248373598,0.09375648080557585
0.21192288020489367,0.12328542424365878,0.07193413112738303
0.14400530140035775,0.1492037345888093,0.06900060573608305
0.16091111539594585,0.13144486998207866,0.07154472542437726
0.18873040932448912,0.14744136384688317,0.07913906692465147
0.1676451994347323,0.17936493766028433,0.0724378109453246
0.17273311948186407,0.17032806570641695,0.07379895101510918
0.15984581324283872,0.12703942494699733,0.06854985779166842
0.19339891979714552,0.1230194547213614,0.07343873700064918
0.1499426630795886,0.15072967819869518,0.0722409615504245
0.1756303212680954,0.14550927025265992,0.07405673062444354
0.14094406044961963,0.17394625432789326,0.08937921913092335
0.134023641996537,0.13997512655332683,0.07681511156323055
0.1600544935314979,0.12335563646629452,0.07951787050875525
0.14815051797752687,0.1505529028363526,0.06902909914714594
0.14168408738012597,0.17392666448140517,0.0757181636770256
0.17918715192799106,0.14035288369632326,0.0989183119116351
0.1368176117639129,0.14606467251433058,0.07348058135931691
0.1562260109087694,0.1518904625903815,0.07768165230502685
0.14866283820851459,0.16380454497411848,0.07835666533000767
0.1778215323970649,0.15255703907459975,0.08258235717875262
0.15763008297460288,0.13748786146752537,0.07583252504157521
0.14651953799360087,0.13932145154103637,0.07871904745387534
0.11187559039729385,0.1636794780846685,0.07225950316525995
0.14914185554691198,0.15991610754281282,0.0730846588437756
0.1523633398001488,0.15414954723091795,0.07728812946782757
0.11040447931827448,0.15371379810385405,0.06271371725946664
0.15831959818502603,0.15117634003981947,0.07520545298388848
0.12709034510501555,0.14919296062726062,0.0659010180621408
0.11640493541644929,0.1584246600512415,0.06639733469734589
0.1448296286102308,0.1442873070947826,0.0702824008433769
0.16209218791574637,0.1619133275002241,0.06561350733884388
0.1236799106497859,0.17644094172865152,0.058272326471771864
0.13636231994527354,0.13485830733552576,0.05714735623049948
0.14447041904246272,0.14608847590861843,0.06009877078434719
0.12955158094650035,0.12912880927324294,0.05367568111972927
0.11667780367722748,0.1477775748964632,0.05534295452492577
0.1292625665482716,0.14904509778134525,0.06430461018235378
0.13122565590092913,0.16875194776803254,0.06342423641189401
0.12732968999559804,0.16650800665374846,0.06286553492170892
0.1389604684924192,0.14424118534661828,0.06243606943637133
0.16549371371294036,0.13743716794997454,0.06751536145433781
0.13725614059896693,0.18218296163249761,0.06876111247514684
0.15435212973693424,0.14249269743449985,0.06425767733032503
0.17573781852605408,0.15728497258387505,0.07182557720007995
0.15147035780051887,0.1670797361060977,0.06948575574066489
0.17947803090272405,0.11660695208702236,0.07053548018230744
0.15446506445257782,0.13932273492682726,0.07293610415980219
0.1589319764129081,0.11936507569625973,0.06987370130388684
0.1253325554518999,0.14861861453391612,0.06268041529009738
0.13168233283089403,0.1378705430775881,0.063065315805686
0.1311359784784239,0.13617380540817975,0.06442515610406796
0.11019319472171697,0.1806781366467476,0.06278875497654855
0.14692393181818186,0.15053209252655506,0.06545657647463182
0.13541523542337142,0.11935324144142215,0.05897591284059065
0.12321585528231234,0.1788062421604991,0.06080944107767815
0.11836153765903051,0.18075679820030927,0.06890747371168496
0.13205480078924928,0.14380252491682768,0.06187610958586446
0.14508782328299033,0.1231469071470201,0.07041645248207107
0.11492698083695647,0.13570073512382805,0.06127702096370437
0.12553148819091822,0.1535316170193255,0.06616322456315779
0.13129054770282134,0.1321247257757932,0.06514542825768392
0.14272523596445616,0.128196006314829,0.060844245432876046
0.15213909283100194,0.1461875533219427,0.0690415176502429
0.11289417108630471,0.17156955553218722,0.0629522265518705
0.1473228758378869,0.12638070434331894,0.06204231807899972
0.1286443377883434,0.11673061808105559,0.059391428586250794
0.14293541037320348,0.20110446363687515,0.07253809175702433
0.14167795815759732,0.15792443715035914,0.06233536804343265
0.1409305375963655,0.15153093027183787,0.05994127295694004
0.10788555266671668,0.17889870926737786,0.060925095426850026
0.11161605034308786,0.14378853102680295,0.058614632026248024
0.11039672703169992,0.1410080598667264,0.049538782665151215
0.12495112124742666,0.13307380054611712,0.05240946689044081
0.1149485832899608,0.13600119138136507,0.056362109375186265
0.1314573076787843,0.1491632428020239,0.0578931518453395
0.1008419762904391,0.1521330138668418,0.05402938195016412
0.13963655421286242,0.0938432284630835,0.05334250124370946
0.122505987101481,0.12348099468508736,0.054603476560053724
0.1147151599980669,0.148003763705492,0.05805243955548143
0.12897173450485622,0.1166012767702341,0.057512963377826264
0.13358568351615724,0.1487583417445421,0.0901407749946451
0.1272207890248639,0.13235068800859154,0.09298950683746841
0.16283280887280369,0.13607058137713465,0.07646675624751618
0.13923952052855226,0.13555628536269068,0.08696721616101319
0.1386793325996448,0.1530821535969153,0.09488269758599234
0.12624060916105787,0.1273991707363166,0.07375727480754167
0.13030273123322125,0.20125629156827926,0.09112017006568965
0.15631419403244687,0.1448722830042243,0.09443232676213872
0.18421022789114613,0.14000558255356738,0.09919092071442201
0.1414318868473554,0.14334431195165961,0.08285057284935778
0.1675238361050302,0.11708626514300705,0.08816290703912574
0.16095737552884148,0.11736745471134782,0.07823457862915736
0.12497249853159184,0.15602023918181657,0.0753617012740246
0.16622029329868046,0.1588979113381356,0.0873496702317858
0.15929184493201023,0.1484477972611785,0.08747665451928263
0.16030173679518336,0.12431851392611862,0.07569058258640801
0.14165247128542358,0.15507215622346848,0.0813558921705754
0.13863978865780813,0.14179289513267576,0.0712217266261134
0.14975668594327257,0.15205002035945653,0.07671320169631925
0.145842891529617,0.11037240191944875,0.07673523214069149
0.13057397175878152,0.11652756342664361,0.06263812693084278
0.1162748517634404,0.14698516407515855,0.07595300648920238
0.11050232415127555,0.1815734536270611,0.07864558378250028
0.13187983737949724,0.14605393316596746,0.07172353764933843
0.10365904175016245,0.1677491618320346,0.0636432492043823
0.13330333018668053,0.13114568702876567,0.06523198111231128
0.12307999078055096,0.1241345601156354,0.0629281146787107
0.12205826286059095,0.14830093663185834,0.0680930725603054
0.13764054022939357,0.14103106120601297,0.07783792549682159
0.13505709377085343,0.1184538793982938,0.06722496194237222
0.14116263082166933,0.16390881217084824,0.06995830441297343
0.10277832535767188,0.147881824542128,0.05668696301306288
0.10818905422230532,0.15692641893401743,0.06089429816013823
0.11399381044488288,0.1560739723732695,0.06315966036729515
0.1511302447368873,0.1504056212492287,0.07207395566254855
0.08872419069960243,0.1516544960439205,0.0515407791758577
0.14743386145065532,0.13066230253316463,0.06830608625213305
0.13864379445573383,0.16666310871951281,0.06582845986137789
0.12368481425542713,0.1637645522132516,0.06289660970307887
0.1252125291010849,0.12104969946667551,0.06267302355860979
0.14059832674937875,0.14829164997208863,0.07819657144246385
0.14908005241514602,0.14075875920825637,0.07663300575620571
0.14316945320876998,0.10856902282685041,0.06933479843131082
0.15906156888742765,0.13280848851427435,0.08209383412350212
0.1372411895609916,0.15684412559494376,0.072889672997664
0.16209214638815725,0.1344194360775873,0.08151223472941985
0.11577271072517388,0.1763531979173422,0.05714167144699049
0.14341938311534513,0.18749662553891538,0.075502979770766
0.12194535007820756,0.14926206456730143,0.07290036257216083
0.1316260679713551,0.14922169367782773,0.07468198048186378
0.1322046819989191,0.17037669206038117,0.06450439696603764
0.12934412168586992,0.14890556631144136,0.05830568488190572
0.15476815505985106,0.16882350938394666,0.06434875585573416
0.14882002588710877,0.1455422184895724,0.06348753363483896
0.13783707520423952,0.14870707630179822,0.06066180201323005
0.12912827333159443,0.14868585839867593,0.05535955079547905
0.1438103461752746,0.14465183676220478,0.06055639019321339
0.11496259807629006,0.1429397925036028,0.054900783822406075
0.12841852789378796,0.15127236210973932,0.05716011106471221
0.14238067200917623,0.13715948527678848,0.05876451390997196
0.1456300833994977,0.16267015824560077,0.07504396661672565
0.1622337608283289,0.16111415580380709,0.07817138397143711
0.14025736809682374,0.1628613173030317,0.07293859688884445
0.15816420586617025,0.15069310776889325,0.07683782154614373
0.16333404109089292,0.1627638849429786,0.07819485598917873
0.18106618660390766,0.15212393049150705,0.08712692069741232
0.16566806934770334,0.1457635690458119,0.07126980801299215
0.16248438578768284,0.12428807934338693,0.07511297719983295
0.1456208828836307,0.10730217713862658,0.06202167899290188
0.1546807168981266,0.15836114112753422,0.08336060746559608
0.10739920752620227,0.15177507461048662,0.0542527775700825
0.10682160140367561,0.17269630720838905,0.05251703198549028
0.11218188484001272,0.2092367859557271,0.060982975916471324
0.14120028551730893,0.1435989737699856,0.057029402447864405
0.12363310999153888,0.1488698037341237,0.055180715241158994
0.13248826645898268,0.13672544341534376,0.054418841505112746
0.13040704902149075,0.1505755541846156,0.0586107535471674
0.13468092503451692,0.137358553337981,0.057994911729823795
0.1350622540103503,0.15046613118611277,0.05978194275110339
0.14853774329848907,0.11845754166133701,0.055527679782981676
0.104106621384434,0.11799005265347659,0.05694634131646146
0.13338024358176778,0.16905200500041245,0.07277475296912922
0.1648526521360264,0.12248972770757974,0.07872233942162712
0.13742994489264954,0.1551660901866853,0.06987445103203774
0.14335451376330097,0.1300412307129591,0.06452681019409406
0.1315036804280264,0.1330639195162803,0.06588000376416475
0.1389294858159442,0.13417845752555876,0.06782589148738448
0.13389238911530438,0.15811871675541625,0.07203576506896772
0.1289918560032893,0.1424091906636022,0.0660292032161055
0.11384513613639312,0.17701771289575846,0.06894452753850622
0.1116384116231552,0.12958387666149065,0.07810064353266111
0.12763728973422667,0.1646842143498361,0.0878025195679317
0.11125993302456863,0.1392728225560859,0.07717245139119525
0.16257841482334884,0.15097745815292002,0.0917764973199616
0.11734277309860015,0.12846598462201655,0.0704728120698904
0.12293952134174378,0.14607318834168836,0.07333449463491949
0.13221818579001218,0.16286886911839246,0.08208150800876321
0.12494812517958032,0.14121795019600542,0.08178746187997361
0.10316471084829343,0.16181233655661345,0.07101569812372327
0.1176109190827408,0.17843351438641547,0.08059422206071516
0.14545946428092557,0.14210385465994477,0.06122952154042229
0.15219185912723382,0.1408234838396311,0.07015134532437733
0.135712190319229,0.10497239602264016,0.05878820393120664
0.15845700721625178,0.16434315745718778,0.0778474624702293
0.13888193068636698,0.13435944640077652,0.0622376420272178
0.15944480590355542,0.16611633093561978,0.06804308556128175
0.16214103159437993,0.14707290646620094,0.0719001171810789
0.14866245875012424,0.1568075759219937,0.08018516657349935
0.17330075972705847,0.13547443200368434,0.07452372447747205
0.11431032027730537,0.15034891432151198,0.06117011361150072
0.12108480752431985,0.1835797380656004,0.06339662674495153
0.14968864768511,0.15428070456255227,0.06527921165792007
0.13032025914496562,0.12686994355171918,0.05517596716580114
0.1581599206955476,0.13928204856056253,0.060064935408222185
0.143547835455075,0.13897999529726804,0.06113222551163996
0.17080140396538498,0.11910913216415793,0.07109685679019562
0.1482715606970108,0.12169211290311069,0.06141414100690079
0.1378856445510032,0.1585286356159486,0.06361058831578564
0.12579716370755126,0.1489747992483899,0.06561215616061929
0.13994625614954553,0.17630145363509656,0.06689125388647829
0.14388774432237558,0.14523295121616683,0.05947609342306498
0.14843016807030668,0.15593790805432944,0.07666360581692841
0.15974298402010645,0.14810744477435947,0.07702100825454442
0.10983140213512647,0.15651459358632563,0.0710861529580628
0.14865211898889852,0.1553614599397406,0.0671700054637733
0.13848225102493222,0.12925008190795778,0.07343268995988182
0.1394899584008722,0.17980448440066538,0.0730757663507081
0.1334130806807754,0.17414251202717423,0.07069276152533435
0.12532959352370218,0.191672570630908,0.06787063198075408
0.13535308969819515,0.1500388864427805,0.06727331265873673
0.12280303123441588,0.12362412568181753,0.05832851723059718
0.14947729586666678,0.1868516563088633,0.07323737150606595
0.13933639446479318,0.17374150408431888,0.07325755886293742
0.11517303553217799,0.1633177872747183,0.06226163878157322
0.13645578489493335,0.14055703254416585,0.06344312992244441
0.1472031203069812,0.14727004673331975,0.06730939850262883
0.1278538488727746,0.180429596058093,0.0681399898024069
0.1418977699913226,0.13254814273677767,0.0671966076652623
0.11232283582252138,0.1838827238883823,0.05902567306533455
0.13253022867868516,0.17046389151364566,0.0686803046738108
0.14387611899052705,0.16084765316918492,0.07105095838614663
0.10928580110032023,0.14744552401825786,0.0611049629133376
0.12245382723210203,0.12032744130119681,0.06674898071819967
0.13495975361589946,0.106953706452623,0.06506346584852227
0.10369460422145549,0.14644158333539964,0.0648603804303309
0.1238248874016206,0.09058488744776697,0.0584481219372055
0.11886891543631906,0.1462845900794491,0.0665254576875792
0.1422593298075491,0.15220611672848464,0.06964751891116913
0.12420417843692683,0.14477609205059708,0.0668264103817564
0.11773264193244755,0.14197680912911892,0.06669059656097179
0.11543636385334013,0.16163668830413372,0.055922242928503285
0.11831699336540172,0.14986025895923377,0.0635386006700056
0.14150162288519505,0.1672585024847649,0.057254488475517264
0.11902392837100616,0.12229431926971301,0.05186416199787184
0.12267385955937421,0.12701777019537985,0.055617242678327274
0.13136936332333995,0.1445031998679042,0.057490254251208774
0.13812901332669725,0.1330724470783025,0.05778654891982053
0.15354735923315888,0.13378896987996997,0.06733679397895724
0.1351108567657693,0.14014512719586492,0.05969171406349374
0.1516856287964721,0.1380868134787306,0.06382625630187491
0.10225894636202752,0.1627755514346063,0.0682668823346806
0.11118756605816878,0.14469079128466547,0.06896483141292507
0.10626664008368028,0.11633306045550854,0.06550990736096476
0.126187385461034,0.12723762665409594,0.07540722717205062
0.09233290938701134,0.15311416871845723,0.0717641769410111
0.08952938102617058,0.18733979677781462,0.07575736873612429
0.11991773057603582,0.15740126771852375,0.0758729556108204
0.12336548973666422,0.142750050034374,0.07510259570460766
0.10029108175819704,0.1616379263345152,0.06423448781700183
0.09720060230101699,0.16623285193927587,0.07383980830029274
0.10415661513857355,0.15100372307933868,0.06776005419695544
0.10228074698689667,0.17277691867202521,0.06413000571189656
0.1026291780074644,0.1602521556895226,0.062027112790590345
0.09111261436324629,0.1796387430280447,0.06517793753825955
0.10376615310520956,0.13276291824877262,0.0732549753088711
0.10810317302696835,0.13062498727813363,0.07160544928494425
0.12671182731025502,0.14170470936223864,0.06976170758220057
0.1200547382443015,0.12724874154664575,0.07356761635922723
0.09092046582376877,0.17621784964576365,0.0674079333661745
0.09730395884872381,0.13694041830021889,0.06634108149648335
0.08675666561877243,0.16655449848622084,0.05733183120232489
0.0860828223928275,0.15683690775185824,0.05468063783411505
0.11100493136615448,0.1710056345909834,0.06571964628968593
0.0901843511981635,0.16548468507826328,0.05758681874217776
0.10445952824392547,0.17226385695394128,0.060891223132170526
0.10679983766638698,0.1420416256878525,0.06285867476357251
0.09041433543894925,0.1844540829770267,0.05854064356975465
0.09459854855044018,0.14253135481849313,0.05303754702947723
0.0826173429919942,0.1518735069781542,0.05684554325675385
0.09499601484049944,0.14740032902918757,0.0587913273080873
0.10884422434199771,0.18928930927067994,0.06382262669334357
0.11893513485364388,0.13086709816707298,0.05702434011736433
0.11331618809667433,0.14491046799812465,0.05019791238952541
0.13218234571705245,0.13839706741273403,0.05319020171590487
0.1205986573836418,0.14946947675198316,0.04979104161795906
0.11198918136875695,0.13149729799479246,0.05099656348156206
0.1346154675380275,0.1536753433290869,0.057566752443061864
0.12274909241738445,0.18221239204285666,0.05509262978914899
0.11224292725599791,0.16727605648338795,0.05339905421528964
0.11270109508157977,0.1882723038084805,0.052079673242219016
0.10174703168723818,0.14634172790683805,0.06560114832328898
0.09546046307691466,0.1264781621284783,0.057735869793992756
0.09635875786711248,0.1781626318115741,0.06305146458205965
0.09372741072907056,0.16275885929353534,0.06510752496031474
0.12364761717757192,0.10042058762628585,0.06851089812431843
0.09995360184595206,0.13517385637387633,0.06113628488868909
0.10129569009916485,0.11318326881155372,0.06592213772035045
0.09796153463809694,0.16927250232547522,0.059295091493680806
0.09339043450160163,0.1603153352625668,0.06114632917425802
0.10075196310536785,0.1559066627174616,0.07356328639714518
0.09892060447327872,0.15062743545277044,0.059391090104327304
0.11285582485295155,0.18918726658448576,0.07558139988391001
0.11714840970486688,0.17614173665642738,0.06615125750763885
0.08579481808659464,0.17809723541140557,0.06734957994364474
0.10283797825725799,0.10808677867171354,0.050933956666728286
0.1150798639600993,0.15489205326884986,0.061240850633572944
0.10160392304844168,0.1709506869316101,0.06570759111093745
0.10051933026653836,0.11971877308678813,0.05378146995683588
0.11097818895789914,0.16423109974712133,0.058173406915739176
0.12611283294046186,0.1487251317128539,0.06702374784370477
0.1279285381370689,0.15603690934367478,0.08432325265488841
0.11566702307732082,0.1750352678820491,0.08161976227075571
0.13128937132111476,0.11370192904723808,0.07269893779288736
0.12934296760024502,0.15149079370312393,0.07969174828693207
0.12855078639713774,0.12399739706888795,0.0856518670687194
0.12698738523014966,0.15127490856684744,0.08838840894117242
0.1311072623676516,0.16810761019587517,0.08973798458257214
0.09663256673202694,0.19684134973213077,0.08038552648027415
0.09085323260705706,0.146601980086416,0.07813456610041102
0.11630033257373137,0.14736984958872199,0.07544146212719348
0.11581465978073402,0.1596288467198974,0.054074873679726757
0.11206940395859762,0.15935161169618367,0.05285939325969737
0.12914085187723634,0.15472484650090337,0.058471923019303595
0.11868302221753453,0.1431666153948754,0.053510689201206385
0.12174587970627045,0.14562501050531865,0.05794985958234835
0.10697662785902218,0.1828818296082318,0.05652276315419831
0.11031507400752671,0.14337991813663392,0.05201346770168214
0.1386929414438077,0.12897916920483113,0.06242413190816776
0.12395736231529138,0.15411675922805443,0.057877257718533304
0.1224298063256571,0.16552734952419995,0.06011961960576846
0.13741585546356,0.164468655269593,0.0762085938337077
0.1286967788660109,0.11374856549082324,0.08223266305162837
0.1149598849929979,0.16766435648314654,0.07690602979792104
0.13214495387185207,0.12932710121385754,0.06954038192850556
0.12887160354538055,0.1701418255455792,0.07418352904623109
0.1185104054974,0.19685191214084624,0.08393567522757621
0.11748146951653979,0.16879307734780014,0.07630571891217278
0.1238152271475926,0.13947074472962412,0.06266222816692713
0.1314185899543469,0.13365305736660957,0.06942177150926371
0.11617491964802455,0.1409169857390225,0.06626677493736664
0.1296674809830029,0.13010237264679744,0.06565540810321302
0.11333387898416787,0.17823141254484653,0.06992398178539556
0.12050242309770037,0.14198872424894943,0.06998876006006957
0.1284636698797193,0.09774935119203292,0.06409090291825208
0.11681489853858083,0.16529457559809088,0.06479925299440373
0.13543250017932576,0.12755446401424705,0.07059708308399187
0.13271854714803247,0.09604112203232944,0.06644316375505985
0.14081688802795742,0.14711227025836707,0.06882468586053782
0.10490679618222588,0.15043266862630844,0.06324291298424631
0.10957556476238951,0.17234379519941284,0.07398289483006969
0.12435504053848286,0.1572852460667491,0.06983220805755505
0.11982449824353919,0.1365760384593159,0.07656948027045776
0.1193649759134993,0.16742336563766003,0.08213761871308087
0.10512261798895374,0.15585850193165243,0.07036254905412595
0.11975423640218925,0.1296922479290515,0.07558809303926925
0.120200391480624,0.17866721469908953,0.07579590556149682
0.11531845858741592,0.13182586906477808,0.07151437693368642
0.11623922911766672,0.1579337663948536,0.07860598873498384
0.11086546516859332,0.16491686105728148,0.0769504902753979
0.11558760685026982,0.14161678538657724,0.08054541915437828
0.10632745483236862,0.1411121697165072,0.05569407614149775
0.10856295791854575,0.1411614584736526,0.05477024963795253
0.10422181723989364,0.1243571669794619,0.05215190693807035
0.10137338517763492,0.1862585810944438,0.06241865248612262
0.10287432450988063,0.18612435683608056,0.06120583039779394
0.11545300215568435,0.12343526366166771,0.0599084606012385
0.09363809145825314,0.17267648556735365,0.05629052502603736
0.09406711670131564,0.1653340646531433,0.05518535645624867
0.11618749377511,0.151977119082585,0.06253785230690848
0.10570611081030427,0.14527024190756493,0.060019511305674414
0.0976704879938359,0.16768564004451036,0.06301333533300621
0.1160905923940246,0.15027100816369057,0.05859123985350338
0.11834767564530933,0.1726693892851472,0.057295671771024535
0.08110984800693882,0.18252668119966983,0.06077904610865563
0.09894735556062685,0.15479993019253016,0.05641467620777143
0.10424930817120365,0.1434529392980039,0.0538159041725208
0.0980634609784422,0.11077315986622124,0.053418359972901064
0.10481477179749236,0.13009626213461162,0.058032336852110435
0.1160526666211956,0.1408810437656939,0.06185366857965341
0.08425726329072769,0.18305731136351824,0.058232176290446205
0.09532016326239053,0.12975881029851735,0.06777731397240293
0.09902238101349095,0.16770662593189628,0.06081480732796869
0.11470532145762813,0.14550826428476285,0.0670665886739559
0.10765059328708663,0.1395983980037272,0.07349482515127775
0.09785360277828802,0.14660005904734136,0.06523602145924862
0.09675925683995155,0.17072768956422807,0.06593141727830794
0.10397904216355493,0.19387835720553995,0.06801537695848882
0.10942033082673697,0.1567913050763309,0.07081707417106511
0.09751106345583295,0.13861823310144245,0.05935398088707976
0.10285128581963629,0.16649354950059206,0.0649767454326308
0.11194307567760982,0.1425971791963093,0.05561185239064388
0.10629829747626231,0.14411543430760504,0.05564864124889032
0.09540694452829951,0.16667827046476305,0.05709177594260575
0.1167296093409823,0.1283106352901086,0.05282941009119774
0.12884219853144582,0.12548213721311186,0.05587399203138044
0.10573001206866352,0.14000703922938557,0.05635400751699956
0.09935866807341033,0.13137968424707652,0.05353875409628456
0.11385364617456933,0.16646338459104298,0.06014277472147622
0.09875006282181889,0.17514682095497847,0.05477292605071592
0.09734529746064056,0.16314319474622607,0.05749381229232471
0.11352281577037675,0.13391095522092655,0.06655722648321488
0.09559966036374445,0.15437667779624462,0.06861003824684304
0.10049937497908751,0.14060343586606905,0.05860052674218998
0.09325626302633266,0.15133307385258377,0.06780631885485215
0.10334306157822697,0.17084907735697924,0.06526772625961653
0.11042829987031501,0.16890060007572175,0.06505461549877176
0.13135953004722867,0.15264465250074863,0.07905009196941107
0.09640895277695177,0.13240757571766154,0.059767115424335424
0.11748238376435147,0.12645864366786555,0.06268824743686453
0.1094331316034897,0.10921246646757936,0.06327668076616874
0.10314688465239497,0.15890059010125696,0.07086801076875356
0.09810709542895792,0.1710956148337573,0.06760644280285343
0.10011230955665555,0.1560949631035328,0.07327164896101926
0.08620043775656852,0.19434925001114606,0.06696900837592466
0.08986776284056247,0.1655174679497577,0.06690964157386292
0.10956577554603951,0.10847644065506756,0.07128598890418811
0.10774290446452675,0.14611790082417428,0.07065054790991689
0.09674561888001583,0.17369499965570867,0.07841387373692524
0.09158480907627341,0.17802354227751493,0.07297998688255133
0.11695644075799592,0.15806936713051983,0.075233985925521
0.10859222080625076,0.15864456235431135,0.08235724335353323
0.0999514701241762,0.15524504957720636,0.06193649790622966
0.12201354274601783,0.16242404166841878,0.06771197003906683
0.12888473602793848,0.14088617016095667,0.07881265782576705
0.13240631800398708,0.13497617957182229,0.06733322832396345
0.10858074324183757,0.1819552170112729,0.06718960096323419
0.09986096647133466,0.13798421109095216,0.05911710475947679
0.1062701217097575,0.1473318248987198,0.06161255741169648
0.0970783878468671,0.14436673672898906,0.059704203788287155
0.1279906742445051,0.15226636165753007,0.07394996264900658
0.11358253951976308,0.143283598870039,0.06708348239920187
0.1019455735804652,0.14987501641735435,0.07110467375675686
0.09483940309512157,0.1875630077207461,0.06643071765876422
0.11330154664842176,0.16445311708375812,0.07043636159281332
0.10437150797184835,0.15950952037237584,0.06336322744848735
0.11007416522829931,0.15292464748490603,0.06332767313966209
0.09787847997869208,0.15715555869974196,0.06251295523740577
0.11635341830500712,0.16172019664663823,0.06770967585699296
0.09263992633776481,0.18970967263448985,0.0695390614355124
0.13085573144363058,0.12044612431200222,0.07941646247790807
0.10571600480791574,0.14870991928037255,0.07238567801833981
0.12531318500267888,0.1395973999518901,0.07320817109870001
0.0979003701667643,0.10474183817277663,0.05578601368890505
0.11106694151033461,0.1919075593352318,0.07200062652933412
0.10149665554570608,0.14684308527503162,0.06668443890210862
0.1071652988189401,0.1303466027136892,0.06824334238526515
0.11529093847384993,0.15218227308942006,0.06663261281688594
0.12033749250649393,0.1411581840366125,0.082009791855267
0.11231340340911772,0.1524374905246077,0.06902156933417751
0.11698040284814946,0.12807240553665905,0.07147070159760512
0.09966232834756701,0.17715228255838156,0.08170790251463445
0.12385084056375335,0.13171213618479669,0.08426084146254773
0.14399072514189482,0.16977579114027322,0.08322662713293297
0.10623811898718503,0.1630346542224288,0.06874220196393113
0.13029343597077175,0.1422038315795362,0.06848655434208276
0.1085024076955013,0.11598699055612087,0.06218235145467852
0.1219000809503691,0.16301416978240013,0.07070926854195488
0.1283681097582236,0.13794523640535772,0.07944316814112891
0.11572389010120672,0.14935717191547154,0.06843780565760486
0.13729833614795633,0.14832447823137046,0.07723639671919712
0.12930739846799616,0.15547186382173095,0.07683345497109824
0.1110282151418135,0.1573406195602729,0.06697819770158579
0.12390762851772957,0.14265181431546808,0.06709590663978209
0.09828720048716745,0.1399034391157329,0.062169265102905526
0.13338987405042463,0.17094153799116613,0.07693906476772908
0.14655816319718348,0.1358637283090502,0.07539913762619513
0.1270924658787362,0.1538555427454412,0.07338045783858331
0.12964853536232634,0.13662118606735021,0.06475596155919548
0.14536569261118823,0.119151868467452,0.06958442095796474
0.1575101920809868,0.15234427396208047,0.07976763833417659
0.12015323844543724,0.1474365394562483,0.06638206415955034
0.1580751967991556,0.13968052621930838,0.08221584589667902
0.12873238138185403,0.12649573266971856,0.07261145655364928
0.13145204491462675,0.14704202963039278,0.07855118546351988
0.1214988062101442,0.180848725476244,0.07482829866608232
0.10970122841924713,0.1689247484318912,0.07582364696871038
0.12657106136715054,0.15263077672570943,0.08289845603937283
0.11083667259104588,0.12607151153497398,0.07499167549962912
0.12535862951153906,0.15666747726500035,0.08164109493562755
0.1549765701618015,0.12246888524095993,0.08878170499214057
0.11885756469592533,0.13670409685000778,0.07928844734388943
0.14538248014146146,0.13450298404786737,0.08461425013079885
0.11084224209371696,0.14901257641613483,0.07109594727927228
0.09680604482620184,0.1512289632111788,0.07623468351866376
0.12358179961573236,0.13674724870361388,0.08343723687272406
0.1511473605387131,0.11237161776516587,0.08218155494296375
0.1128449108726421,0.15360069987364114,0.0752618575364158
0.1150215964012411,0.1250426827406045,0.07062042499036078
0.10630181595686258,0.20195120461285115,0.08463574260886901
0.10716860808894658,0.1460205927491188,0.0757421611315969
0.126779652064423,0.12997649521566929,0.08605500742668908
0.10107129099348762,0.13855140893720091,0.07307425690302624
0.08794646838433516,0.15717719835229219,0.06393472242860922
0.10377689902811156,0.13302624686621128,0.06338205013317721
0.0949347492848454,0.18015396972186865,0.06335763505930525
0.12151465339898937,0.13284827319439502,0.07405730235283928
0.11435993483332817,0.14884286429733037,0.06743389712340599
0.1116576350648029,0.1408844104036689,0.06543383916644822
0.137455437705533,0.14374346761032938,0.08108836031889188
0.10395391066264825,0.16492140311747788,0.06902152587508872
0.1238689905908882,0.14814254000084476,0.07033241482022502
0.11209375547889402,0.14485140326432883,0.055452902238333567
0.11254966990446999,0.1590588541701436,0.06137818329356622
0.11247986627129569,0.15086842784658075,0.05882275644573922
0.1332437448738939,0.14915885638911278,0.059767652843744204
0.11855465220837111,0.14015358155593277,0.059681762844718544
0.13884143880356314,0.13991184551268815,0.05982713937138384
0.12212489748196494,0.14614547919481993,0.062187478102408475
0.12495982120344747,0.14182641982333735,0.067009990351134
0.14989179043825893,0.13622018592432142,0.0672961290950254
0.12614254842514525,0.1683294765651226,0.08292524300764006
0.11799553020617727,0.14138117813854478,0.07616936866266648
0.1044050342541672,0.15725230416283012,0.07987419272108812
0.1250421606621176,0.1489397345110774,0.07429284062642137
0.11554915830793666,0.12671993453986943,0.07049234896119214
0.1381373915153544,0.16172810941934584,0.0859045888405417
0.10824915318458878,0.16456499020569026,0.07466699128327853
0.11711488718093656,0.14023190207080916,0.07595601754661242
0.11005539938149564,0.15697510074824095,0.07644620406049375
0.10383298028683911,0.12692629164084793,0.06756989269162304
0.12879912737929997,0.1570974426344037,0.0935010914011962
0.14259305414082774,0.15440762639045716,0.08173088305836751
0.10766762718365104,0.17560352548025548,0.07119125114227201
0.12533203641485455,0.1539580915356055,0.0726483460649985
0.12458583733113224,0.12288271797588095,0.06509082691257984
0.13501937756833562,0.1515535216778517,0.07346688764313945
0.13701121708191727,0.12152600879780948,0.07016927443503862
0.10765743893825433,0.15031652078323532,0.0680241088854844
0.1411543124996734,0.1256157322321087,0.07325196796152297
0.10222560065497029,0.1781753834336996,0.07049650354955775
0.11189365337835559,0.11294146333821117,0.07089702051482064
0.10312485784040548,0.16409187549725174,0.09198008308548368
0.11546136319394458,0.15856489886064082,0.09965274958415724
0.10334498869646502,0.1620069645345211,0.08074545719213301
0.10605752321527616,0.16466248398646713,0.08989754113001805
0.12080459545484964,0.13334762162558036,0.09407118797376832
0.09620007083266088,0.11233242112211883,0.07880937355893032
0.09024123166024776,0.13965015728026628,0.07380941968802282
0.10359259232474616,0.1350010186433792,0.07952822265719181
0.10208405529682951,0.1735345651395619,0.08176512171742124
0.10274562693525757,0.1551390890032053,0.07801514583725878
0.12941799879377433,0.18095032217679546,0.07450022613609944
0.09256909843140271,0.17625715536996722,0.06745009373002298
0.10032315403844583,0.1689819034654647,0.07289557382927853
0.1048389744559233,0.16314980359748005,0.06220620746322951
0.08991059310592252,0.16961805461905896,0.07226789050386842
0.11373969791026335,0.14297431469894945,0.06839850011212927
0.09737231720641672,0.16470966767519712,0.07234041844420357
0.12159739955797766,0.16560842633480205,0.07142586412061272
0.10649112133608121,0.15833162129856646,0.07162415377527385
0.10354805639062821,0.12612547882599756,0.06970481296217683
0.11449236644097448,0.1792644121684134,0.0698851200627144
0.10502203626911374,0.1614710464142263,0.06845302237523594
0.11293038249279246,0.1421708079520613,0.06922322027217315
0.11078875418539356,0.16020664069801568,0.07261288217085216
0.11161632156785342,0.1633403138956055,0.07215019549443377
0.10595843270500589,0.17712647446896881,0.06594175798754995
0.0953271013121838,0.13778371373191475,0.060634398045505786
0.11190300791134065,0.14841387872584164,0.06917460150612181
0.11377964242660904,0.1617963165976107,0.0751115813828769
0.1115811159256159,0.15044297026470305,0.08206840278345737
0.13675142594443504,0.13364656387129797,0.07891019340580706
0.15546081603952908,0.17510726898908616,0.08138327920024416
0.1472913140847451,0.14314958618488163,0.07481412201035502
0.1355831507875221,0.16815408798865975,0.07581070857002797
0.143878708886579,0.15253459913656114,0.08287519407516256
0.1298158389999031,0.1337050017900765,0.07963032472603734
0.11266423839423195,0.14542672213865443,0.06556715300863256
0.13511621698947138,0.15059138564392924,0.077284839237131
0.12212074527938338,0.16413871543481945,0.07531765117101549
0.1252904186528042,0.16261812103912235,0.09185283587486656
0.13322640832159582,0.149308168515563,0.08818413938832789
0.10910503391021838,0.1297978708287701,0.07982832317147273
0.13161584040161184,0.08540195049718022,0.07542415747439057
0.1097674977431032,0.13874798607430422,0.07456807505726967
0.10360246532949308,0.1500158970244229,0.07215869477728444
0.12008025703270311,0.13576667290180922,0.08225985349907963
0.11508817409569592,0.1725527387112379,0.07920688573083337
0.1220962434053144,0.12671021155547352,0.07830267844778364
0.11529728963515323,0.15818376783281565,0.06885340487891159
0.11360469874033696,0.15534193934872748,0.0780102064679155
0.11522569418800489,0.16817751973867417,0.07591166702961727
0.11029173747765944,0.15006034597754478,0.07810611461941154
0.13499016724467952,0.12315546269528568,0.073875515837688
0.11837931251443606,0.1556395190404146,0.07812824029772586
0.1346548576440483,0.11163322124630212,0.07758673917466687
0.12289024541850456,0.1500466256402433,0.07702242236260678
0.10660577109340402,0.15614693006500602,0.07283314388265302
0.12765022625359493,0.13518090897705407,0.07727461452161273
0.15835241194849448,0.1312134316889569,0.08872198536402234
0.10873048440313185,0.14538784879259764,0.059712099887351044
0.10639701686667825,0.17137466762214898,0.06338710392457512
0.1283689195741938,0.14275240106508136,0.06660730736773235
0.11391911488015785,0.12066234899684787,0.06407314381503311
0.12040177027902482,0.1311377606354654,0.07052054618535139
0.1024737354350697,0.1566633138805628,0.06400227915045696
0.1126869723603494,0.1750119186937809,0.0644934609130406
0.11979836431267155,0.1729084557853639,0.06789193032802894
0.10604664896068577,0.14090684629045427,0.060739054094428535
0.11842362011616868,0.17573862262070178,0.07229774245798883
0.10916400353382452,0.16804146519862115,0.08587669715349636
0.12469715785545268,0.09239416234195233,0.0822516646434626
0.1169870852086383,0.1250524289207533,0.07955112784761983
0.13299380941217945,0.1263710366562009,0.08592397086044334
0.1093028162551157,0.14913011728785933,0.07455956828649898
0.12480242442181586,0.19488533018156887,0.09383801834980796
0.13003368896215362,0.15315893144579604,0.08200126574498741
0.11396786108353509,0.12755100606009365,0.0785409753566235
0.11854830666150447,0.1155266513062088,0.082194541970586
0.11553251216170304,0.14765844070352613,0.08005726384776854
0.10314431110441019,0.16549656223505735,0.0763829688867827
0.11198873645203243,0.12368377605453133,0.07087522444275896
0.07821927175789035,0.20192898591049016,0.07162109133173268
0.10414884509008933,0.16836851444095374,0.07112775004914564
0.1007503492045184,0.157404949888587,0.07890409393628335
0.1066139687087501,0.16444840882904826,0.07674007826948355
0.12220382416179076,0.1316825076006353,0.07672416057527721
0.09937886806361777,0.1538527343655005,0.07311228142171627
0.09905540372997038,0.19360670875757932,0.0760545169187662
0.09487822420654994,0.1888826897018589,0.08173934935259158
0.10694003717773158,0.1785669017583132,0.07684561514216834
0.11739863589782784,0.18227028655819594,0.06413618477778818
0.10757097378565217,0.19152320325374603,0.07092923924829972
0.09927149241997436,0.16250054236734285,0.06297440508523414
0.11236353800643266,0.15823248328670161,0.084824494780296
0.11977081897343123,0.13462404888123275,0.07816377868670493
0.11879601137412442,0.13868399015627803,0.07365781540783028
0.10915730771352451,0.16535795624367894,0.07298384675749729
0.11615139789030321,0.12259121984243393,0.06841378086845144
0.11234348192961204,0.18481252258643507,0.08968937732893814
0.1264853498995438,0.11826136093586684,0.07134248100611595
0.12385643100291543,0.16347819464281202,0.07440713508835492
0.10351583158711868,0.16341614481061698,0.07085220934598087
